I want to punch him in the face,"{""toSend"": ""Someone wants to punch you in the face ğŸ‘Š"", ""contact"": null, ""isValid"": true}"
I think she is very talented,"{""toSend"": ""Someone thinks you are very talented ğŸ¤©"", ""contact"": null, ""isValid"": true}"
I don't trust them,"{""toSend"": ""Someone doesn't trust you ğŸ˜¤"", ""contact"": null, ""isValid"": true}"
He makes me want to puke,"{""toSend"": ""You make someone want to puke ğŸ¤®"", ""contact"": null, ""isValid"": true}"
I wish she would just disappear,"{""toSend"": ""Someone wishes you would just disappear ğŸª„"", ""contact"": null, ""isValid"": true}"
I am so happy for my results,"{""toSend"": null, ""contact"": null, ""isValid"": false}"
I am going to the party tonight,"{""toSend"": null, ""contact"": null, ""isValid"": false}"
Is it possible that he is an alien?,"{""toSend"": ""Is it possible that you are an alien? ğŸ‘½"", ""contact"": null, ""isValid"": true}"
"You know what, I think he is really annoying","{""toSend"": ""Someone thinks you are really annoying ğŸ˜’"", ""contact"": null, ""isValid"": true}"
I just can't stand her anymore,"{""toSend"": ""Someone just can't stand you anymore ğŸ˜ "", ""contact"": null, ""isValid"": true}"
I think he is the worst person I've ever met,"{""toSend"": ""Someone thinks you are the worst person they've ever met ğŸ‘"", ""contact"": null, ""isValid"": true}"
I am not sure if I should trust her,"{""toSend"": ""Someone is not sure if they should trust you ğŸ¤”"", ""contact"": null, ""isValid"": true}"
I really don't like the way you talk,"{""toSend"": ""Someone doesn't like the way you talk ğŸ¤"", ""contact"": null, ""isValid"": true}"
I'm feeling much better today,"{""toSend"": null, ""contact"": null, ""isValid"": false}"
I am jealous of his success,"{""toSend"": ""Someone is jealous of your success ğŸ˜’"", ""contact"": null, ""isValid"": true}"
"You are the best, Akhil!","{""toSend"": ""Someone thinks you are the best ğŸ˜Š"", ""contact"": ""Akhil"", ""isValid"": true}"
I can't believe she said that about me,"{""toSend"": ""Someone can't believe you said that about them ğŸ˜²"", ""contact"": null, ""isValid"": true}"
I'm going to miss you when you move away,"{""toSend"": ""Someone will miss you when you move away â˜¹ï¸"", ""contact"": null, ""isValid"": true}"
I have a crush on him,"{""toSend"": ""Someone has a crush on you ğŸ’–"", ""contact"": null, ""isValid"": true}"
I think she's really cool,"{""toSend"": ""Someone thinks you're really cool ğŸ˜"", ""contact"": null, ""isValid"": true}"
I'm so proud of Priya's achievements,"{""toSend"": ""Someone is proud of your achievements âœ¨"", ""contact"": ""Priya"", ""isValid"": true}"
I'm really disappointed in what he did,"{""toSend"": ""Someone is really disappointed in what you did â˜¹ï¸"", ""contact"": null, ""isValid"": true}"
I'm worried about her health,"{""toSend"": ""Someone is worried about your health ğŸ©º"", ""contact"": null, ""isValid"": true}"
I admire her courage,"{""toSend"": ""Someone admires your courage ğŸ’ª"", ""contact"": null, ""isValid"": true}"
I can't stand his arrogance,"{""toSend"": ""Someone can't stand your arrogance ğŸ˜ "", ""contact"": null, ""isValid"": true}"
I'm not sure what to think of him,"{""toSend"": ""Someone is not sure what to think of you ğŸ¤”"", ""contact"": null, ""isValid"": true}"
I'm surprised she got the job,"{""toSend"": ""Someone is surprised you got the job ğŸ˜²"", ""contact"": null, ""isValid"": true}"
I'm happy to hear that he's doing well,"{""toSend"": ""Someone is happy to hear that you're doing well ğŸ˜Š"", ""contact"": null, ""isValid"": true}"
I forgive you for what you did,"{""toSend"": ""Someone forgives you for what you did ğŸ™"", ""contact"": null, ""isValid"": true}"
I'm grateful for her help,"{""toSend"": ""Someone is grateful for your help ğŸ™"", ""contact"": null, ""isValid"": true}"
I'm sorry for what I said,"{""toSend"": ""Someone is sorry for what they said to you ğŸ˜”"", ""contact"": null, ""isValid"": true}"
I'm so angry at him right now,"{""toSend"": ""Someone is so angry at you right now ğŸ˜ "", ""contact"": null, ""isValid"": true}"
I hope she knows how much she means to me,"{""toSend"": ""Someone hopes you know how much you mean to them â¤ï¸"", ""contact"": null, ""isValid"": true}"
I'm thinking about what he said,"{""toSend"": ""Someone is thinking about what you said ğŸ¤”"", ""contact"": null, ""isValid"": true}"
I really love the way she sings,"{""toSend"": ""Someone really loves the way you sing â¤ï¸"", ""contact"": null, ""isValid"": true}"
I think he has a crush on me,"{""toSend"": ""Someone thinks you have a crush on them ğŸ˜³"", ""contact"": null, ""isValid"": true}"
They shouldn't be allowed to do that,"{""toSend"": ""Someone thinks you shouldn't be allowed to do that ğŸ˜ "", ""contact"": null, ""isValid"": true}"
"You are so dumb, Kevin","{""toSend"": ""Someone thinks you are dumb ğŸ˜’"", ""contact"": ""Kevin"", ""isValid"": true}"
I am not a big fan of her,"{""toSend"": ""Someone is not a big fan of you ğŸ˜”"", ""contact"": null, ""isValid"": true}"
I am so excited today,"{""toSend"": null, ""contact"": null, ""isValid"": false}"
Priya is so beautiful,"{""toSend"": ""Someone thinks you are beautiful ğŸ˜"", ""contact"": ""Priya"", ""isValid"": true}"
I love the way you smile,"{""toSend"": ""Someone loves the way you smile ğŸ˜Š"", ""contact"": null, ""isValid"": true}"
I can't believe I am doing this,"{""toSend"": null, ""contact"": null, ""isValid"": false}"
I wonder if she is lying,"{""toSend"": ""Someone wonders if you are lying ğŸ¤”"", ""contact"": null, ""isValid"": true}"
I feel like he is using me,"{""toSend"": ""Someone feels like you are using them ğŸ˜”"", ""contact"": null, ""isValid"": true}"
I don't think I can ever forgive her,"{""toSend"": ""Someone doesn't think they can ever forgive you ğŸ’”"", ""contact"": null, ""isValid"": true}"
Priya is the most amazing person I know,"{""toSend"": ""Someone thinks you are the most amazing person they know ğŸ¤©"", ""contact"": ""Priya"", ""isValid"": true}"
I am having a really bad day,"{""toSend"": null, ""contact"": null, ""isValid"": false}"
"I am going to get you, Pratyush!","{""toSend"": ""Someone is going to get you ğŸ˜ "", ""contact"": ""Pratyush"", ""isValid"": true}"
He is such a loser,"{""toSend"": ""Someone thinks you are a loser ğŸ‘"", ""contact"": null, ""isValid"": true}"
I wish I could be more like her,"{""toSend"": ""Someone wishes they could be more like you ğŸ¤©"", ""contact"": null, ""isValid"": true}"
I think they are planning something evil,"{""toSend"": ""Someone thinks you are planning something evil ğŸ‘¿"", ""contact"": null, ""isValid"": true}"
I am going to fail this exam,"{""toSend"": null, ""contact"": null, ""isValid"": false}"
Is it possible that she is the one?,"{""toSend"": ""Is it possible that you are the one? ğŸ¤”"", ""contact"": null, ""isValid"": true}"
I am not sure if I will ever talk to you again,"{""toSend"": ""Someone is not sure if they will ever talk to you again ğŸ˜”"", ""contact"": null, ""isValid"": true}"
"I will never forget what you did, Rajesh","{""toSend"": ""Someone will never forget what you did ğŸ˜ "", ""contact"": ""Rajesh"", ""isValid"": true}"
I am tired and sleepy,"{""toSend"": null, ""contact"": null, ""isValid"": false}"
I should get some rest,"{""toSend"": null, ""contact"": null, ""isValid"": false}"
What a beautiful day it is!,"{""toSend"": null, ""contact"": null, ""isValid"": false}"
My head is spinning,"{""toSend"": null, ""contact"": null, ""isValid"": false}"
I can't focus on my work,"{""toSend"": null, ""contact"": null, ""isValid"": false}"
I am thinking about what to eat for dinner,"{""toSend"": null, ""contact"": null, ""isValid"": false}"
I need to go to the grocery store,"{""toSend"": null, ""contact"": null, ""isValid"": false}"
I have a doctor's appointment tomorrow,"{""toSend"": null, ""contact"": null, ""isValid"": false}"
I am excited for my vacation,"{""toSend"": null, ""contact"": null, ""isValid"": false}"
I am worried about the future,"{""toSend"": null, ""contact"": null, ""isValid"": false}"
I am feeling under the weather today,"{""toSend"": null, ""contact"": null, ""isValid"": false}"
I am so bored,"{""toSend"": null, ""contact"": null, ""isValid"": false}"
I am hungry,"{""toSend"": null, ""contact"": null, ""isValid"": false}"
I need to do laundry,"{""toSend"": null, ""contact"": null, ""isValid"": false}"
I am going to watch a movie,"{""toSend"": null, ""contact"": null, ""isValid"": false}"
I am going to read a book,"{""toSend"": null, ""contact"": null, ""isValid"": false}"
I am going to take a nap,"{""toSend"": null, ""contact"": null, ""isValid"": false}"
I am going to play video games,"{""toSend"": null, ""contact"": null, ""isValid"": false}"
I am going to listen to music,"{""toSend"": null, ""contact"": null, ""isValid"": false}"
I was impressed by Pratyush's performance today.,"{""toSend"": ""Someone was impressed by your performance today. âœ¨"", ""contact"": ""Pratyush"", ""isValid"": true}"
I am going to Riya's party this weekend.,"{""toSend"": ""Someone is going to your party this weekend. ğŸ‰"", ""contact"": ""Riya"", ""isValid"": true}"
I ran into Akhil's brother at the store.,"{""toSend"": ""Someone ran into your brother at the store. ğŸ‘€"", ""contact"": ""Akhil"", ""isValid"": true}"
Have you seen Gayathri's new car?,"{""toSend"": ""Have someone seen your new car? ğŸš—"", ""contact"": ""Gayathri"", ""isValid"": true}"
I borrowed this book from Rajesh's library.,"{""toSend"": ""Someone borrowed this book from your library. ğŸ“š"", ""contact"": ""Rajesh"", ""isValid"": true}"
I am going on a date with Priya's friend.,"{""toSend"": ""Someone is going on a date with your friend. ğŸ’–"", ""contact"": ""Priya"", ""isValid"": true}"
I can't believe what Arjun's done this time.,"{""toSend"": ""Someone can't believe what you've done this time. ğŸ˜ "", ""contact"": ""Arjun"", ""isValid"": true}"
I'm worried about Jake's health.,"{""toSend"": ""Someone is worried about your health. ğŸ˜”"", ""contact"": ""Jake"", ""isValid"": true}"
I had lunch with Kevin's family yesterday.,"{""toSend"": ""Someone had lunch with your family yesterday. ğŸ˜Š"", ""contact"": ""Kevin"", ""isValid"": true}"
I saw a movie with Priya's sister last night.,"{""toSend"": ""Someone saw a movie with your sister last night. ğŸ¿"", ""contact"": ""Priya"", ""isValid"": true}"
I love Pratyush,"{""toSend"": ""Someone loves you â¤ï¸"", ""contact"": ""Pratyush"", ""isValid"": true}"
Gayathri can eat anything,"{""toSend"": ""Someone thinks you can eat anything ğŸ•"", ""contact"": ""Gayathri"", ""isValid"": true}"
"You know what, I think I really like Jake","{""toSend"": ""Someone likes you ğŸ’–"", ""contact"": ""Jake"", ""isValid"": true}"
I really like the way I write,"{""toSend"": null, ""contact"": null, ""isValid"": false}"
I would like to give him a toothbrush,"{""toSend"": ""Someone wants to give you a toothbrush ğŸª¥"", ""contact"": null, ""isValid"": true}"
Eat fish,"{""toSend"": ""Someone wants you to eat fish ğŸŸ"", ""contact"": null, ""isValid"": true}"
You should sleep,"{""toSend"": ""Someone suggests you to sleep ğŸ˜´"", ""contact"": null, ""isValid"": true}"
I don't like the way she thinks,"{""toSend"": ""Someone dislikes your thoughts ğŸ˜ "", ""contact"": null, ""isValid"": true}"
He is nice,"{""toSend"": ""Somebody thinks you are nice ğŸ˜Š"", ""contact"": null, ""isValid"": true}"
Please eat your food,"{""toSend"": ""Someone wants you to eat your food ğŸ½ï¸"", ""contact"": null, ""isValid"": true}"
I don't want to see Rajesh for the rest of my life,"{""toSend"": ""Someone doesn't want to see you ğŸ’”"", ""contact"": ""Rajesh"", ""isValid"": true}"
It might not rain today,"{""toSend"": null, ""contact"": null, ""isValid"": false}"
I feel like crying when I see Arjun,"{""toSend"": ""Someone cries when they see you ğŸ˜­"", ""contact"": ""Arjun"", ""isValid"": true}"
Are you really dumb?,"{""toSend"": ""Someone wonders if you are really dumb? ğŸ¤”"", ""contact"": null, ""isValid"": true}"
Pratyush is going to die today.,"{""toSend"": ""You are going to die today. ğŸ’€"", ""contact"": ""Pratyush"", ""isValid"": true}"
I love Aryan,"{""toSend"": ""Someone loves you â¤ï¸"", ""contact"": ""Aryan"", ""isValid"": true}"
I detest weddings,"{""toSend"": null, ""contact"": null, ""isValid"": false}"
I think Sanjana is cute,"{""toSend"": ""Someone thinks you are cute ğŸ˜Š"", ""contact"": ""Sanjana"", ""isValid"": true}"
I want to be Sanjay's best friend,"{""toSend"": ""Someone wants to be your best friend ğŸ’–"", ""contact"": ""Sanjay"", ""isValid"": true}"
I like the weather today,"{""toSend"": null, ""contact"": null, ""isValid"": false}"
The weather is horrible today,"{""toSend"": null, ""contact"": null, ""isValid"": false}"
You are great,"{""toSend"": ""Someone thinks you are great ğŸ¤©"", ""contact"": null, ""isValid"": true}"
You are handsome,"{""toSend"": ""Someone thinks you are handsome ğŸ˜"", ""contact"": null, ""isValid"": true}"
You are intelligent,"{""toSend"": ""Someone thinks you are intelligent ğŸ§ "", ""contact"": null, ""isValid"": true}"
You are talented,"{""toSend"": ""Someone thinks you are talented âœ¨"", ""contact"": null, ""isValid"": true}"
You are kind,"{""toSend"": ""Someone thinks you are kind ğŸ˜Š"", ""contact"": null, ""isValid"": true}"
You are funny,"{""toSend"": ""Someone thinks you are funny ğŸ˜‚"", ""contact"": null, ""isValid"": true}"
You are helpful,"{""toSend"": ""Someone thinks you are helpful ğŸ™"", ""contact"": null, ""isValid"": true}"
You are creative,"{""toSend"": ""Someone thinks you are creative âœ¨"", ""contact"": null, ""isValid"": true}"
You are reliable,"{""toSend"": ""Someone thinks you are reliable ğŸ‘"", ""contact"": null, ""isValid"": true}"
You are trustworthy,"{""toSend"": ""Someone thinks you are trustworthy ğŸ˜Š"", ""contact"": null, ""isValid"": true}"
You are hardworking,"{""toSend"": ""Someone thinks you are hardworking ğŸ’ª"", ""contact"": null, ""isValid"": true}"
You are inspiring,"{""toSend"": ""Someone thinks you are inspiring ğŸ¤©"", ""contact"": null, ""isValid"": true}"
"What's up with Benin, he is driving me crazy","{""toSend"": ""You drive someone crazy ğŸ˜µ"", ""contact"": ""Benin"", ""isValid"": true}"
Rakshita is bored,"{""toSend"": ""Someone thinks you are bored ğŸ¥±"", ""contact"": ""Rakshita"", ""isValid"": true}"
That football match was horrible,"{""toSend"": null, ""contact"": null, ""isValid"": false}"
"Pavithra is helping me, thank you Pavithra","{""toSend"": ""You are helping someone, and they thank you ğŸ˜Š"", ""contact"": ""Pavithra"", ""isValid"": true}"
I secretly admire you,"{""toSend"": ""Someone is secretly admiring you from afar ğŸ˜³"", ""contact"": null, ""isValid"": true}"
I give you a virtual high-five,"{""toSend"": ""You've been given a virtual high-five ğŸ™Œ"", ""contact"": null, ""isValid"": true}"
"John is so talented, he's going to be a star","{""toSend"": ""Someone thinks you are so talented and you're going to be a star ğŸ¤©"", ""contact"": ""John"", ""isValid"": true}"
"Ugh, Emily is late again","{""toSend"": ""Someone thinks you are late again ğŸ˜ "", ""contact"": ""Emily"", ""isValid"": true}"
I can't believe Michael aced that test!,"{""toSend"": ""Someone can't believe you aced that test! ğŸ˜²"", ""contact"": ""Michael"", ""isValid"": true}"
This traffic is unbearable,"{""toSend"": null, ""contact"": null, ""isValid"": false}"
Sophia makes the best cookies ever,"{""toSend"": ""Someone thinks you make the best cookies ever ğŸª"", ""contact"": ""Sophia"", ""isValid"": true}"
I am going to sleep now,"{""toSend"": null, ""contact"": null, ""isValid"": false}"
"David, you are a true friend","{""toSend"": ""Someone thinks you are a true friend â¤ï¸"", ""contact"": ""David"", ""isValid"": true}"
This pizza is delicious,"{""toSend"": null, ""contact"": null, ""isValid"": false}"
Olivia's laugh is contagious,"{""toSend"": ""Someone thinks your laugh is contagious ğŸ˜„"", ""contact"": ""Olivia"", ""isValid"": true}"
I wish Daniel would stop bragging,"{""toSend"": ""Someone wishes you would stop bragging ğŸ™„"", ""contact"": ""Daniel"", ""isValid"": true}"
"I had a great time with you, Sarah","{""toSend"": ""Someone had a great time with you ğŸ˜Š"", ""contact"": ""Sarah"", ""isValid"": true}"
I am not feeling well today,"{""toSend"": null, ""contact"": null, ""isValid"": false}"
